valeu pela resposta,agradecimento
obrigada,agradecimento
que bacana,agradecimento
legal,agradecimento
gostei dessa resposta,agradecimento
valeu,agradecimento
obrigado,agradecimento
ok,agradecimento
boa resposta,agradecimento
Como posso prever mudanças na startup?,A_moda_das_startups
E agora o que esperar para as startups?,A_moda_das_startups
O que precisa para startup sair de moda?,A_moda_das_startups
Como sei que startup ainda está na moda?,A_moda_das_startups
Essa moda é passageira?,A_moda_das_startups
O que acontece com o mercado para existirem tantas startups?,A_moda_das_startups
Porque startup está na moda?,A_moda_das_startups
Porque as startups estão em alta?,A_moda_das_startups
O Brasil incentiva a criação de startups?,Brasil_incentivo_Startup
Quais as maiores Startup no Brasil?,Brasil_incentivo_Startup
Como o Brasil pode melhorar o incentivo às Startups?,Brasil_incentivo_Startup
"No Brasil, existe algum incentivo para criação de startup?",Brasil_incentivo_Startup
Melhor programa de incentivo para Startup?,Brasil_incentivo_Startup
Fala aí o Brasil incentiva na criação de startups?,Brasil_incentivo_Startup
Existe algum programa de apoio para Startup?,Brasil_incentivo_Startup
O que o Brasil faz para incentivar uma Startup?,Brasil_incentivo_Startup
Startups tem o incentivo no Brasil?,Brasil_incentivo_Startup
O Brasil busca o incentivo de novas startups?,Brasil_incentivo_Startup
Qual incentivo o Brasil dispõe para startup?,Brasil_incentivo_Startup
Como posso começar uma Startup?,Como_se_cria_uma_startup
Me fala aí com se cria um startup?,Como_se_cria_uma_startup
Como se cria uma startup?,Como_se_cria_uma_startup
De onde surgem as startups?,Como_se_cria_uma_startup
Startups vem do nada?,Como_se_cria_uma_startup
Startups surgem de onde?,Como_se_cria_uma_startup
Quais os passos iniciais para criação de uma startup?,Como_se_cria_uma_startup
O que preciso para criar uma Startup?,Como_se_cria_uma_startup
Por onde começo a criar uma Startup?,Como_se_cria_uma_startup
Startups são criadas como?,Como_se_cria_uma_startup
Qualquer ideia pode se tornar uma Startup?,Como_se_cria_uma_startup
"Quero começar uma Startup, o que fazer?",Como_se_cria_uma_startup
Qual é o máximo que uma Startup pode crescer?,Crescimento_Startups
Qual é o limite que uma Startup atinge?,Crescimento_Startups
como funciona o cresimento de uma startup?,Crescimento_Startups
Startups cresce como?,Crescimento_Startups
Como é o crescimento de uma startup?,Crescimento_Startups
Como Startups crescem tão rápido?,Crescimento_Startups
Startups surgem do nada?,Crescimento_Startups
Diz aí como é crescimento de uma Startup?,Crescimento_Startups
Me fala ai sobre o crescimento de uma startup,Crescimento_Startups
Como uma startup fica famosa?,Crescimento_Startups
Quanto tempo leva para uma Startup crescer?,Crescimento_Startups
Desvantagens que uma startup pode ter?,Desvantagens_Startups
Quais os problemas de ter uma startup?,Desvantagens_Startups
Posso ter desvantagens ao ter uma Startup?,Desvantagens_Startups
Diz aí as desvantagens de uma startup?,Desvantagens_Startups
Quais as desvantagens mais prejudiciais para as Startups?,Desvantagens_Startups
Como as desvantagens atrapalham as Startups?,Desvantagens_Startups
"De modo geral, as desvantagens de uma Startup valem a pena?",Desvantagens_Startups
Todas as Startups possuem as mesmas desvantagens?,Desvantagens_Startups
As desvantagens são prejudiciais às Startups?,Desvantagens_Startups
Quais as desvantagens de uma startup?,Desvantagens_Startups
Startups tem desvantagens?,Desvantagens_Startups
O que diferencia uma Startup de uma empresa?,Diferença_Startup_outras_empresas
Toda Startup pode se tornar uma empresa?,Diferença_Startup_outras_empresas
Toda Startup é início de uma empresa?,Diferença_Startup_outras_empresas
Startup é considerada uma empresa?,Diferença_Startup_outras_empresas
Uma Startup é uma empresa?,Diferença_Startup_outras_empresas
Quais as principais diferenças de uma Startup e uma empresa?,Diferença_Startup_outras_empresas
Startup é igual empresa júnior?,Diferença_Startup_outras_empresas
Qualquer empresa pode ser uma startup?,Diferença_Startup_outras_empresas
Diz aí as diferenças de uma startup e uma empresa?,Diferença_Startup_outras_empresas
Existe diferença entre Startup e empresa comum?,Diferença_Startup_outras_empresas
Qual a diferença de uma startup e uma empresa tradicional?,Diferença_Startup_outras_empresas
Qual a dificuldade em ter uma Startup?,Dificuldades_startups
Me fala ai das dificuldades de uma Startup?,Dificuldades_startups
Qual a maior dificuldade que vou ter para criar uma Startup?,Dificuldades_startups
Existem dificuldades para criar uma startup?,Dificuldades_startups
É fácil criar uma startup?,Dificuldades_startups
É difícil criar uma startup?,Dificuldades_startups
Quais as principais dificuldades de uma Startup?,Dificuldades_startups
Preciso ter experiência para criar uma Startup?,Dificuldades_startups
Existem dificuldades em criar uma Startup?,Dificuldades_startups
Startups sofrem algum tipo de dificuldades?,Dificuldades_startups
Startup precisa de Inscrição Municipal?,Documentacao_Startups
Startup precisa de Inscrição Estadual?,Documentacao_Startups
Startup precisa de Razão Social?,Documentacao_Startups
Startup precisa de CNPJ?,Documentacao_Startups
Como fazer o registro das Startups?,Documentacao_Startups
Existe registro para Startup?,Documentacao_Startups
Quando devo registrar minha Startup?,Documentacao_Startups
é necessário algum documento para a Startup?,Documentacao_Startups
preciso de qual documentacao para iniciar uma startup?,Documentacao_Startups
Me fala aí quais erros de uma Startup?,Erros_de_uma_Startup
é comum cometer erros em uma Startup?,Erros_de_uma_Startup
Existem erros que podem ser prevenidos para uma Startup?,Erros_de_uma_Startup
O que fazer para não cometer erros ao criar uma Startup?,Erros_de_uma_Startup
Quantos erros são possíveis em uma Startup?,Erros_de_uma_Startup
Startups funcionam com erros?,Erros_de_uma_Startup
É possível cometer erros em uma Startup?,Erros_de_uma_Startup
Existem erros comuns em Startups?,Erros_de_uma_Startup
Startups podem cometer erros?,Erros_de_uma_Startup
Quais são os erros de uma Startup?,Erros_de_uma_Startup
Quais os maiores erros de uma Startup?,Erros_de_uma_Startup
Quais os erros comuns de uma Startup?,Erros_de_uma_Startup
Quais os impactos dessas mudanças hoje?,Futuro_das_startups
Qual futuro de startups?,Futuro_das_startups
E agora qual será futuro das startups?,Futuro_das_startups
Startups vão acabar?,Futuro_das_startups
O conceito de startup irá mudar?,Futuro_das_startups
Como startup pode evoluir?,Futuro_das_startups
Qual a melhor maneira de determinar o que virá?,Futuro_das_startups
O que podemos saber sobre o futuro desse conceito?,Futuro_das_startups
O que vem a seguir?,Futuro_das_startups
quero ajuda,inicio
olá,inicio
boa noite,inicio
boa tarde,inicio
bom dia,inicio
beleza,inicio
eai,inicio
tenho duvida,inicio
como vai?,inicio
preciso de uma ajuda,inicio
duvida,inicio
oi,inicio
tenho uma duvida?,inicio
Posso ser um investidor de um startup?,Investir_Startup
Startup precisam de um investidor?,Investir_Startup
Posso investir em uma startup?,Investir_Startup
Quero investir em uma Startup?,Investir_Startup
Como devo investir em uma Startup?,Investir_Startup
Quanto tempo espero o retorno do meu investimento?,Investir_Startup
Qual o prazo para a Startup se pagar?,Investir_Startup
Quanto preciso gastar para investir uma Startup?,Investir_Startup
Todas startups precisam de um investidor?,Investir_Startup
É necessário ter um investidor em uma Startups?,Investir_Startup
Quanto preciso para iniciar uma Startup?,Investir_Startup
Qual o local de maior sucesso de startup?,Local_maior_sucesso_Startups
Onde se concentra o maior número de startup com sucesso?,Local_maior_sucesso_Startups
Onde é o polo das Startups?,Local_maior_sucesso_Startups
"Startups surgem com maior frequência, em qual local?",Local_maior_sucesso_Startups
Qual a região com as melhores startups?,Local_maior_sucesso_Startups
Em que lugar fica o maior polo de Startups?,Local_maior_sucesso_Startups
Quantos polos existem de Startups?,Local_maior_sucesso_Startups
Quais os fatores que atraem as Startups?,Local_maior_sucesso_Startups
Onde fica a maior concentração de Startups de sucesso?,Local_maior_sucesso_Startups
Me fala aí qual o local de maior sucesso de uma startup?,Local_maior_sucesso_Startups
O que favorece a criação de um polo de Startups?,Local_maior_sucesso_Startups
quais sao as maiores startups?,Maiores_Startups
Quais as maiores Startup do Brasil?,Maiores_Startups
Quais as maiores Startup do Mundo?,Maiores_Startups
Quais as Startup mais rentáveis do Brasil?,Maiores_Startups
O que precisa para ser a maior Startup do Brasil?,Maiores_Startups
Qual a maior Startup do Brasil?,Maiores_Startups
é possível uma Startup ser grande?,Maiores_Startups
O que faz com que uma Startup seja considerada grande?,Maiores_Startups
O que é uma startup exemplo?,Maiores_Startups
Qual a maior Startup?,Maiores_Startups
Qual a maior Startup do Mundo?,Maiores_Startups
As Startups criam o que?,O_que_as_Startups_fazem
Como funcionam as Startups?,O_que_as_Startups_fazem
Qual a metodologia usada em uma Startup?,O_que_as_Startups_fazem
Como trabalham as Startups?,O_que_as_Startups_fazem
Qual o método de trabalho de uma Startup?,O_que_as_Startups_fazem
Startups fazem o que?,O_que_as_Startups_fazem
Startups realizam o que?,O_que_as_Startups_fazem
Me fala aí o que as startups fazem?,O_que_as_Startups_fazem
O que as startups fazem?,O_que_as_Startups_fazem
Como descobrir se uma empresa é uma Startup?,O_que_as_Startups_fazem
Quantos projetos uma Startup faz?,O_que_as_Startups_fazem
Startups só trabalham em um projeto por vez?,O_que_as_Startups_fazem
Como funciona uma startup?,O_que_as_Startups_fazem
Startup seria um início de uma grande empresa?,O_que_é_startup
O que é uma startup?,O_que_é_startup
Diz aí o que é uma startup?,O_que_é_startup
"Startups, são empresas?",O_que_é_startup
Qual a definição de startup?,O_que_é_startup
O que seria Startup?,O_que_é_startup
Qual é da Startup?,O_que_é_startup
Startup é uma empresa?,O_que_é_startup
Quais as características de uma Startup?,O_que_é_startup
Startup é uma microempresa?,O_que_é_startup
Me fala aí o que é uma startup?,O_que_é_startup
Existe alguma área de atuação com mais facilidade?,Qual_os_principais_meios_de_atuacao_de_uma_Startup
Quais os principais meios de atuação de uma Startup?,Qual_os_principais_meios_de_atuacao_de_uma_Startup
Startups atuam só com tecnologia?,Qual_os_principais_meios_de_atuacao_de_uma_Startup
Startups utilizam tecnologia?,Qual_os_principais_meios_de_atuacao_de_uma_Startup
Startups obrigatoriamente trabalho com assuntos tecnológicos?,Qual_os_principais_meios_de_atuacao_de_uma_Startup
Startup sempre está relacionada com tecnologia?,Qual_os_principais_meios_de_atuacao_de_uma_Startup
Startups atuam em que área?,Qual_os_principais_meios_de_atuacao_de_uma_Startup
Qual área um startups atua?,Qual_os_principais_meios_de_atuacao_de_uma_Startup
Qual o nicho que uma Startup foca?,Qual_os_principais_meios_de_atuacao_de_uma_Startup
No que as startups atuam?,Qual_os_principais_meios_de_atuacao_de_uma_Startup
Diz aí os principais meios de atuação de uma startup?,Qual_os_principais_meios_de_atuacao_de_uma_Startup
Startups podem atuar em qualquer área?,Qual_os_principais_meios_de_atuacao_de_uma_Startup
Existe diversidade de áreas de atuação nas Startups?,Qual_os_principais_meios_de_atuacao_de_uma_Startup
Qual a melhor área para uma Startup?,Qual_os_principais_meios_de_atuacao_de_uma_Startup
Uma Startup só pode ser de tecnologia?,Qual_os_principais_meios_de_atuacao_de_uma_Startup
Startup terá sucesso?,Saber_se_uma_Startup_vai_vingar
Todas startups tem sucesso?,Saber_se_uma_Startup_vai_vingar
Quanto tempo demora para saber se uma Startup dará certo?,Saber_se_uma_Startup_vai_vingar
O que saber para uma Startup ter sucesso?,Saber_se_uma_Startup_vai_vingar
Como sei se a Startup irá vingar?,Saber_se_uma_Startup_vai_vingar
Quais são os sinais para uma Startup vingar?,Saber_se_uma_Startup_vai_vingar
Como saber se uma Startup vai funcionar?,Saber_se_uma_Startup_vai_vingar
Quais são os passos para uma Startup prosperar?,Saber_se_uma_Startup_vai_vingar
Como saber quando devo persistir ou desistir da minha Startup?,Saber_se_uma_Startup_vai_vingar
Como testar se o conceito da startup vai dar certo?,Saber_se_uma_Startup_vai_vingar
Dá para saber se uma startup terá sucesso?,Saber_se_uma_Startup_vai_vingar
Como posso saber se uma Startup vai crescer?,Saber_se_uma_Startup_vai_vingar
Startups tem facilidade no mercado?,Startup_no_mercado_de_trabalho
O que o mercado deseja de uma Startup?,Startup_no_mercado_de_trabalho
O que o mercado espera de uma startup?,Startup_no_mercado_de_trabalho
Qual o modelo de negócio de Startup?,Startup_no_mercado_de_trabalho
Como ela se encaixa no mercado?,Startup_no_mercado_de_trabalho
Qual área do mercado tem maior abrangência das Startups?,Startup_no_mercado_de_trabalho
Qual área de mercado é mais fácil para iniciar uma Startup?,Startup_no_mercado_de_trabalho
Qual área de mercado é mais difícil para iniciar uma Startup?,Startup_no_mercado_de_trabalho
Startups tem fácil acesso no mercado de trabalho?,Startup_no_mercado_de_trabalho
Quantas Startups se preocupam com o meio ambiente?,Sustentabilidade_Startup
Startups salvam o planeta?,Sustentabilidade_Startup
Startups precisam ser sustentáveis?,Sustentabilidade_Startup
Startups realizam o quê para ser sustentável?,Sustentabilidade_Startup
Startup é sustentável?,Sustentabilidade_Startup
O que as Startup fazem para serem sustentáveis?,Sustentabilidade_Startup
Quantas Startup são sustentáveis?,Sustentabilidade_Startup
Quais Startup são sustentáveis?,Sustentabilidade_Startup
Startup praticam sustentabilidade?,Sustentabilidade_Startup
Startups buscam ser sustentável?,Sustentabilidade_Startup
Quais termos legais de uma Startup?,Termos_legais_de_Startup
Qual o termo de regularização de uma Startup?,Termos_legais_de_Startup
Quais os aspectos legais para um Startup?,Termos_legais_de_Startup
Quais leis e obrigações de uma Startup?,Termos_legais_de_Startup
Devo registrar a minha Startup?,Termos_legais_de_Startup
Quais as regras internas de uma Startup?,Termos_legais_de_Startup
Quais políticas uma startup prega?,Termos_legais_de_Startup
Qual a legislação que uma Startup deve seguir?,Termos_legais_de_Startup
Validação de uma startups?,Validacao_Startups
O que é validação em uma Startup?,Validacao_Startups
Qual o objetivo de validar sua startup?,Validacao_Startups
Para que é preciso validar uma startup?,Validacao_Startups
Por que é preciso validar uma startup?,Validacao_Startups
Como se valida uma startup?,Validacao_Startups
O que preciso para validar minha startup?,Validacao_Startups
Startup precisa de validação?,Validacao_Startups
O que é validação de uma startup?,Validacao_Startups
Como a validação pode influenciar na Startup?,Validacao_Startups
Startups possuem vantagens?,Vantagens_Startup
Startups tem benefícios?,Vantagens_Startup
Por que criar uma startup?,Vantagens_Startup
Startups podem gerar benefícios?,Vantagens_Startup
Startups trazem vantagens?,Vantagens_Startup
Quais são as vantagens de uma startup?,Vantagens_Startup
O que coloca uma startup na frente de uma empresa tradicional?,Vantagens_Startup
Todas as Startups possuem as mesmas vantagens?,Vantagens_Startup
"De modo geral, as vantagens de uma Startup valem a pena?",Vantagens_Startup
Quais os benefícios de uma startup?,Vantagens_Startup
Diz aí as vantagens de uma startup?,Vantagens_Startup
